,customer_id,predicted,churn_prob
0,8670-ERCJH,0,0.0
1,0356-ERHVT,0,0.2631578947368421
2,4786-UKSNZ,0,0.40384615384615385
3,5945-AZYHT,0,0.0
4,4432-ADRLB,1,0.5145631067961165
5,4378-BZYFP,0,0.05263157894736842
6,4580-TMHJU,0,0.2631578947368421
7,6120-RJKLU,0,0.018272425249169437
8,7579-KKLOE,0,0.0
9,1273-MTETI,1,0.716
10,7824-PANSQ,0,0.24031007751937986
11,3523-QRQLL,0,0.10204081632653061
12,1352-VHKAJ,0,0.24031007751937986
13,5346-BZCHP,0,0.018272425249169437
14,2592-SEIFQ,0,0.16129032258064516
15,2272-JKMSI,0,0.20754716981132076
16,6421-SZVEM,0,0.10204081632653061
17,7048-GXDAY,0,0.36764705882352944
18,1557-EMYVT,0,0.20754716981132076
19,2189-UXTKY,1,0.5232067510548524
20,8344-WFMFH,0,0.2631578947368421
21,7968-QUXNS,0,0.16129032258064516
22,5063-IUOKK,0,0.018272425249169437
23,0853-TWRVK,0,0.20754716981132076
24,7249-WBIYX,1,0.716
25,6260-ONULR,1,0.5145631067961165
26,3014-WJKSM,0,0.24031007751937986
27,2483-XSSMZ,0,0.00980392156862745
28,3354-OADJP,0,0.05263157894736842
29,0259-GBZSH,1,0.716
30,5906-CVLHP,0,0.00980392156862745
31,3780-DDGSE,1,0.5232067510548524
32,4385-GZQXV,1,0.5232067510548524
33,2468-SJFLM,1,0.8243243243243243
34,1840-BIUOG,0,0.10204081632653061
35,5583-SXDAG,1,0.8243243243243243
36,2344-JMOGN,1,0.716
37,3941-XTSKM,0,0.00980392156862745
38,2848-YXSMW,0,0.018272425249169437
39,2190-BCXEC,0,0.24031007751937986
40,3398-GCPMU,0,0.0
41,3334-CTHOL,1,0.5145631067961165
42,2920-RNCEZ,1,0.8243243243243243
43,8402-OOOHJ,0,0.018272425249169437
44,5149-CUZUJ,0,0.10204081632653061
45,9347-AERRL,0,0.05263157894736842
46,7608-RGIRO,0,0.018272425249169437
47,5140-FOMCQ,0,0.20754716981132076
48,7402-EYFXX,1,0.5232067510548524
49,8178-EYZUO,0,0.36764705882352944
50,0187-WZNAB,1,0.5232067510548524
51,7032-LMBHI,0,0.10204081632653061
52,6908-VVYHM,0,0.36764705882352944
53,5857-XRECV,0,0.05263157894736842
54,8591-NXRCV,0,0.24031007751937986
55,4504-YOULA,0,0.2631578947368421
56,6048-NJXHX,0,0.018272425249169437
57,6898-MDLZW,0,0.2631578947368421
58,4522-XRWWI,0,0.10204081632653061
59,4706-AXVKM,1,0.716
60,0461-CVKMU,1,0.5232067510548524
61,5334-AFQJB,0,0.018272425249169437
62,9134-CEQMF,1,0.716
63,7359-SSBJK,0,0.018272425249169437
64,6288-LBEAR,1,0.5232067510548524
65,8949-JTMAY,0,0.36764705882352944
66,1685-VAYJF,0,0.2631578947368421
67,4012-YCFAI,0,0.018272425249169437
68,8735-SDUFN,0,0.018272425249169437
69,7517-LDMPS,1,0.716
70,0235-KGSLC,1,0.9516129032258065
71,7234-FECYN,1,0.716
72,5084-OOVCJ,0,0.2631578947368421
73,5010-IPEAQ,0,0.018272425249169437
74,1064-FBXNK,0,0.05263157894736842
75,1049-FYSYG,0,0.2631578947368421
76,2205-YMZZJ,1,0.716
77,0268-QKIWO,0,0.16129032258064516
78,7767-UXAGJ,1,0.5145631067961165
79,6671-NGWON,0,0.16129032258064516
80,5092-STPKP,0,0.2631578947368421
81,2018-PZKMU,1,0.716
82,6838-HVLXG,0,0.16129032258064516
83,0848-SOMKO,0,0.018272425249169437
84,5789-LDFXO,0,0.05263157894736842
85,3104-OWCGK,0,0.10204081632653061
86,9860-LISIZ,0,0.17647058823529413
87,4911-BANWH,0,0.24031007751937986
88,4134-BSXLX,0,0.08571428571428572
89,1080-BWSYE,0,0.018272425249169437
90,6435-SRWBJ,1,0.716
91,4210-QFJMF,1,0.716
92,8364-TRMMK,1,0.5145631067961165
93,6407-GSJNL,0,0.018272425249169437
94,9143-CANJF,0,0.2631578947368421
95,0913-XWSCN,0,0.24031007751937986
96,9770-KXGQU,0,0.09848484848484848
97,4833-QTJNO,0,0.24031007751937986
98,6618-RYATB,1,0.9516129032258065
99,1465-LNTLJ,0,0.08571428571428572
100,9169-BSVIN,0,0.48823529411764705
101,5016-IBERQ,1,0.5232067510548524
102,9469-WEJBT,0,0.36764705882352944
103,5119-KEPFY,0,0.36764705882352944
104,9766-HGEDE,0,0.05263157894736842
105,2911-IJORQ,0,0.10204081632653061
106,9500-LTVBP,0,0.24031007751937986
107,8720-RQSBJ,1,0.5145631067961165
108,5828-DWPIL,0,0.36764705882352944
109,7542-CYDDM,0,0.03571428571428571
110,6762-NSODU,0,0.018272425249169437
111,8380-MQINP,0,0.018272425249169437
112,6656-JWRQX,1,1.0
113,9172-ANCRX,1,0.716
114,7161-DFHUF,0,0.018272425249169437
115,2040-XBAVJ,0,0.0
116,4391-LNRXK,0,0.36764705882352944
117,2001-EWBQU,0,0.20754716981132076
118,1582-RAFML,1,0.5145631067961165
119,2186-QZEYA,0,0.2631578947368421
120,9972-NKTFD,0,0.2631578947368421
121,5928-QLDHB,0,0.48823529411764705
122,9367-OIUXP,0,0.16129032258064516
123,9495-REDIY,0,0.05263157894736842
124,7073-QETQY,0,0.00980392156862745
125,2234-EOFPT,0,0.018272425249169437
126,4083-EUGRJ,0,0.16129032258064516
127,5924-SNGKP,0,0.05263157894736842
128,7762-ONLJY,0,0.05263157894736842
129,2237-ZFSMY,0,0.09848484848484848
130,4927-WWOOZ,1,0.716
131,8541-QVFKM,0,0.48823529411764705
132,3705-RHRFR,0,0.09848484848484848
133,3219-JQRSL,0,0.0
134,4908-XAXAY,0,0.10204081632653061
135,4140-MUHUG,1,0.716
136,6319-IEJWJ,1,0.5232067510548524
137,3419-SNJJD,0,0.36764705882352944
138,2164-SOQXL,0,0.03571428571428571
139,2068-WWXQZ,0,0.018272425249169437
140,3657-COGMW,0,0.36764705882352944
141,4667-OHGKG,0,0.40384615384615385
142,7377-DMMRI,1,0.5145631067961165
143,0508-SQWPL,0,0.018272425249169437
144,1768-ZAIFU,0,0.40384615384615385
145,3130-ICDUP,1,0.716
146,4328-VUFWD,0,0.35294117647058826
147,9514-JDSKI,1,1.0
148,3243-ZHOHY,0,0.05263157894736842
149,6115-ZTBFQ,0,0.018272425249169437
150,9054-FOWNV,1,0.5232067510548524
151,8347-GDTMP,0,0.018272425249169437
152,2577-GVSIL,0,0.10204081632653061
153,7299-GNVPL,1,0.5232067510548524
154,1389-WNUIB,0,0.10204081632653061
155,1548-FEHVL,0,0.36764705882352944
156,2706-QZIHY,0,0.018272425249169437
157,4081-DYXAV,0,0.05263157894736842
158,7054-DMVAS,0,0.018272425249169437
159,8076-FEZKJ,0,0.05263157894736842
160,3569-EDBPQ,1,0.5232067510548524
161,0516-UXRMT,0,0.10204081632653061
162,5208-HFSBT,1,0.5145631067961165
163,5788-YPOEG,0,0.0
164,8577-QSOCG,0,0.018272425249169437
165,2474-LCNUE,0,0.24031007751937986
166,4890-VMUAV,0,0.10204081632653061
167,1213-NGCUN,1,0.5145631067961165
168,5676-CFLYY,0,0.018272425249169437
169,6698-OXETB,0,0.018272425249169437
170,6650-VJONK,1,1.0
171,7479-NITWS,1,0.716
172,3841-CONLJ,1,1.0
173,7718-RXDGG,0,0.48823529411764705
174,2027-DNKIV,0,0.00980392156862745
175,9462-MJUAW,1,0.5145631067961165
176,3898-GUYTS,0,0.36764705882352944
177,0354-WYROK,0,0.36764705882352944
178,7284-BUYEC,1,0.5145631067961165
179,8401-EMUWF,0,0.24031007751937986
180,0215-BQKGS,0,0.24031007751937986
181,4119-ZYPZY,0,0.20754716981132076
182,5606-AMZBO,0,0.48823529411764705
183,5494-HECPR,1,0.9516129032258065
184,7967-HYCDE,0,0.48823529411764705
185,6994-FGRHH,0,0.20754716981132076
186,3312-UUMZW,0,0.36764705882352944
187,3717-OEAUQ,0,0.48823529411764705
188,5277-ZLOOR,1,0.716
189,8715-KKTFG,0,0.20754716981132076
190,9863-JZAIC,0,0.2631578947368421
191,2049-BAFNW,1,1.0
192,5136-GFPMB,0,0.24031007751937986
193,9588-OZDMQ,1,0.5145631067961165
194,7993-NQLJE,0,0.48823529411764705
195,8868-WOZGU,0,0.36764705882352944
196,6874-SGLHU,0,0.09848484848484848
197,4570-QHXHL,0,0.2631578947368421
198,5707-ORNDZ,0,0.2631578947368421
199,0432-CAJZV,1,0.716
200,4760-THGOT,0,0.36764705882352944
201,4361-BKAXE,0,0.36764705882352944
202,6633-SYEUS,0,0.24031007751937986
203,9824-BEMCV,0,0.48823529411764705
204,8626-XHBIE,0,0.018272425249169437
205,0378-NHQXU,1,0.5232067510548524
206,9620-QJREV,0,0.05263157894736842
207,5146-CBVOE,0,0.24031007751937986
208,4195-SMMNX,0,0.16129032258064516
209,9441-QHEVC,0,0.40384615384615385
210,8003-EWNDZ,0,0.16129032258064516
211,9647-ERGBE,0,0.36764705882352944
212,8905-IAZPF,0,0.09848484848484848
213,0036-IHMOT,0,0.20754716981132076
214,0326-VDYXE,0,0.09848484848484848
215,3580-REOAC,0,0.2631578947368421
216,0506-LVNGN,0,0.48823529411764705
217,2114-MGINA,1,0.716
218,0277-ORXQS,0,0.018272425249169437
219,5954-BDFSG,0,0.09090909090909091
220,1568-BEKZM,0,0.0
221,4931-TRZWN,0,0.48823529411764705
222,3533-UVMOM,0,0.018272425249169437
223,6745-JEFZB,0,0.36764705882352944
224,2325-ZUSFD,0,0.10204081632653061
225,4128-ETESU,0,0.36764705882352944
226,5985-TBABQ,0,0.10204081632653061
227,7552-KEYGT,0,0.018272425249169437
228,3908-MKIMJ,0,0.018272425249169437
229,9823-EALYC,0,0.0
230,7501-IWUNG,0,0.018272425249169437
231,2974-GGUXS,0,0.36764705882352944
232,9092-GDZKO,0,0.03571428571428571
233,2896-TBNBE,0,0.10204081632653061
234,1855-AGAWH,0,0.10204081632653061
235,4424-TKOPW,1,0.716
236,6048-UWKAL,0,0.20754716981132076
237,2325-WINES,0,0.20754716981132076
238,3128-YOVTD,0,0.24031007751937986
239,1207-BLKSA,0,0.018272425249169437
240,5044-LRQAQ,0,0.48823529411764705
241,9522-BNTHX,0,0.2631578947368421
242,2929-QNSRW,0,0.09848484848484848
243,4878-BUNFV,0,0.018272425249169437
244,7868-TMWMZ,0,0.20754716981132076
245,5624-RYAMH,0,0.16129032258064516
246,3970-XGJDU,0,0.018272425249169437
247,8046-DNVTL,0,0.018272425249169437
248,3284-SVCRO,0,0.018272425249169437
249,8189-DUKMV,0,0.05263157894736842
250,5671-UUNXD,0,0.09848484848484848
251,0471-LVHGK,0,0.10204081632653061
252,2159-TURXX,0,0.16129032258064516
253,6311-UEUME,1,0.5232067510548524
254,6235-VDHOM,0,0.16129032258064516
255,2323-ARSVR,0,0.20754716981132076
256,7162-WPHPM,0,0.018272425249169437
257,5003-OKNNK,0,0.05263157894736842
258,5792-JALQC,0,0.018272425249169437
259,1215-VFYVK,1,0.5145631067961165
260,6023-YEBUP,1,0.716
261,7629-WIXZF,0,0.05263157894736842
262,3134-DSHVC,0,0.09848484848484848
263,0784-GTUUK,0,0.00980392156862745
264,5996-NRVXR,0,0.09848484848484848
265,4315-MURBD,1,0.716
266,5995-LFTLE,0,0.018272425249169437
267,1545-ACTAS,0,0.09848484848484848
268,4973-RLZVI,0,0.10204081632653061
269,3811-VBYBZ,1,0.716
270,2429-AYKKO,0,0.018272425249169437
271,5593-SUAOO,0,0.10204081632653061
272,3853-LYGAM,0,0.36764705882352944
273,9074-KGVOX,0,0.2631578947368421
274,8626-PTQGE,0,0.018272425249169437
275,0019-EFAEP,0,0.09848484848484848
276,7660-HDPJV,1,0.8243243243243243
277,7794-JASDG,1,0.5145631067961165
278,1084-UQCHV,1,0.8243243243243243
279,8808-ELEHO,1,0.716
280,5028-HTLJB,0,0.40384615384615385
281,1569-TTNYJ,0,0.48823529411764705
282,0214-JHPFW,0,0.018272425249169437
283,2860-RANUS,0,0.24031007751937986
284,4291-YZODP,0,0.05263157894736842
285,9254-RBFON,0,0.09848484848484848
286,0004-TLHLJ,0,0.48823529411764705
287,2239-JALAW,0,0.20754716981132076
288,3376-BMGFE,0,0.48823529411764705
289,1357-BIJKI,0,0.09848484848484848
290,3097-IDVPU,0,0.2631578947368421
291,3148-AOIQT,0,0.018272425249169437
292,6629-LADHQ,1,0.5145631067961165
293,1855-CFULU,0,0.16129032258064516
294,1627-AFWVJ,0,0.018272425249169437
295,1142-IHLOO,0,0.10204081632653061
296,3694-GLTJM,0,0.16129032258064516
297,9631-XEYKE,1,0.5145631067961165
298,2709-UQGNP,0,0.2631578947368421
299,7860-KSUGX,0,0.018272425249169437
300,6794-HKIAJ,0,0.36764705882352944
301,9541-PWTWO,0,0.0
302,4176-RELJR,0,0.018272425249169437
303,9931-DCEZH,0,0.00980392156862745
304,5457-COLHT,0,0.0
305,5474-LAMUQ,0,0.05263157894736842
306,8384-FZBJK,0,0.36764705882352944
307,7838-LAZFO,0,0.10204081632653061
308,9926-PJHDQ,0,0.018272425249169437
309,2061-VVFST,0,0.17647058823529413
310,2959-FENLU,1,0.716
311,1596-OQSPS,0,0.2631578947368421
312,3034-ZBEQN,0,0.00980392156862745
313,1137-DGOWI,0,0.10204081632653061
314,9693-XMUOB,0,0.2631578947368421
315,8189-HBVRW,0,0.36764705882352944
316,2272-UOINI,0,0.48823529411764705
317,3956-MGXOG,1,0.5232067510548524
318,5349-IECLD,1,0.716
319,0363-SVHYR,0,0.0
320,4589-IUAJB,0,0.018272425249169437
321,3785-KTYSH,0,0.018272425249169437
322,2254-DLXRI,1,0.9516129032258065
323,9851-QXEEQ,0,0.36764705882352944
324,3763-GCZHZ,0,0.20754716981132076
325,5529-GIBVH,0,0.018272425249169437
326,1991-VOPLL,0,0.16129032258064516
327,0274-JKUJR,0,0.2631578947368421
328,3078-ZKNTS,0,0.018272425249169437
329,1965-AKTSX,0,0.48823529411764705
330,6064-ZATLR,0,0.018272425249169437
331,9124-LHCJQ,1,0.9516129032258065
332,2485-ITVKB,1,0.5145631067961165
333,0263-FJTQO,0,0.018272425249169437
334,9337-SRRNI,0,0.018272425249169437
335,5380-WJKOV,0,0.36764705882352944
336,7359-PTSXY,1,0.5145631067961165
337,2696-ECXKC,0,0.09848484848484848
338,9451-WLYRI,0,0.05263157894736842
339,4030-VPZBD,1,0.5145631067961165
340,6856-RAURS,0,0.48823529411764705
341,5616-PRTNT,0,0.03571428571428571
342,2523-EWWZL,1,0.5232067510548524
343,7207-RMRDB,0,0.36764705882352944
344,7495-OOKFY,1,0.716
345,5666-CYCYZ,1,0.5232067510548524
346,0260-ZDLGK,0,0.48823529411764705
347,5310-NOOVA,0,0.018272425249169437
348,5546-QUERU,0,0.05263157894736842
349,0727-IWKVK,1,0.716
350,8738-JOKAR,0,0.10204081632653061
351,5198-EFNBM,0,0.10204081632653061
352,2946-KIQSP,0,0.2631578947368421
353,4945-RVMTE,0,0.2631578947368421
354,8208-EUMTE,0,0.018272425249169437
355,1241-FPMOF,0,0.018272425249169437
356,2607-FBDFF,1,0.5145631067961165
357,4937-QPZPO,0,0.09848484848484848
358,0384-RVBPI,0,0.08571428571428572
359,0536-ACXIP,0,0.0
360,4291-HPAXL,0,0.40384615384615385
361,0356-OBMAC,0,0.09848484848484848
362,2984-TBYKU,0,0.20754716981132076
363,3261-CQXOL,0,0.018272425249169437
364,1015-OWJKI,0,0.40384615384615385
365,6741-QRLUP,0,0.018272425249169437
366,3420-YJLQT,1,0.716
367,5214-NLTIT,0,0.0
368,7560-QJAVJ,0,0.018272425249169437
369,4361-FEBGN,0,0.018272425249169437
370,2621-UDNLU,0,0.16129032258064516
371,8791-GFXLZ,0,0.2631578947368421
372,0422-UXFAP,0,0.09848484848484848
373,3030-YZADT,0,0.2631578947368421
374,4468-KAZHE,0,0.2631578947368421
375,2519-ERQOJ,0,0.2631578947368421
376,3886-CERTZ,0,0.3333333333333333
377,3685-YLCMQ,0,0.20754716981132076
378,2660-EMUBI,1,0.716
379,6963-EZQEE,0,0.0
380,4277-BWBML,0,0.018272425249169437
381,2984-MIIZL,0,0.48823529411764705
382,7698-YFGEZ,0,0.40384615384615385
383,8097-VBQTZ,0,0.36764705882352944
384,9945-PSVIP,0,0.018272425249169437
385,4727-MCYZG,1,0.5145631067961165
386,7272-QDCKA,0,0.09848484848484848
387,8755-OGKNA,0,0.018272425249169437
388,3452-FLHYD,0,0.05263157894736842
389,7623-HKYRK,0,0.16129032258064516
390,9362-MWODR,0,0.08571428571428572
391,3190-XFANI,0,0.09848484848484848
392,1757-TCATG,0,0.05263157894736842
393,8327-WKMIE,0,0.05263157894736842
394,2506-TNFCO,1,0.8243243243243243
395,7279-NMVJC,0,0.05263157894736842
396,3115-CZMZD,0,0.018272425249169437
397,2144-BFDSO,0,0.36764705882352944
398,1670-SVOWZ,0,0.24031007751937986
399,8272-ONJLV,0,0.09848484848484848
400,4906-ZHGPK,0,0.10204081632653061
401,6710-HSJRD,0,0.36764705882352944
402,2388-LAESQ,0,0.0
403,8161-QYMTT,1,0.716
404,9600-UDOPK,0,0.36764705882352944
405,6689-VRRTK,0,0.20754716981132076
406,0902-XKXPN,0,0.018272425249169437
407,3672-YITQD,0,0.36764705882352944
408,7950-XWOVN,0,0.2631578947368421
409,9552-TGUZV,0,0.48823529411764705
410,4482-FTFFX,1,0.5145631067961165
411,1839-FBNFR,0,0.018272425249169437
412,4576-CSAJH,0,0.05263157894736842
413,1661-CZBAU,0,0.10204081632653061
414,0587-DMGBH,0,0.2631578947368421
415,3415-TAILE,1,0.5145631067961165
416,1428-IEDPR,0,0.20754716981132076
417,9518-IMLHK,0,0.24031007751937986
418,2739-CACDQ,0,0.24031007751937986
419,3450-WXOAT,0,0.2631578947368421
420,7860-UXCRM,0,0.018272425249169437
421,8807-ARQET,0,0.2631578947368421
422,5863-OOKCL,0,0.16129032258064516
423,3585-YNADK,0,0.10204081632653061
424,0883-EIBTI,0,0.16129032258064516
425,7089-IVVAZ,1,0.716
426,9445-ZUEQE,0,0.24031007751937986
427,1862-QRWPE,0,0.018272425249169437
428,6051-PTVNS,0,0.05263157894736842
429,5150-LJNSR,0,0.09848484848484848
430,3426-NIYYL,0,0.2631578947368421
431,0431-APWVY,0,0.10204081632653061
432,2525-GVKQU,0,0.018272425249169437
433,5524-KHNJP,0,0.10204081632653061
434,0480-KYJVA,0,0.018272425249169437
435,9174-FKWZE,0,0.40384615384615385
436,6400-BWQKW,1,0.716
437,3566-CAAYU,0,0.018272425249169437
438,8149-AIQCG,0,0.24031007751937986
439,8661-BOYNW,0,0.0
440,6082-OQFBA,0,0.05263157894736842
441,3785-NRHYR,0,0.40384615384615385
442,8990-YOZLV,0,0.018272425249169437
443,4933-IKULF,0,0.05263157894736842
444,5680-LQOGP,0,0.0
445,2108-XWMPY,1,0.5145631067961165
446,9940-RHLFB,1,0.8243243243243243
447,4458-KVRBJ,0,0.018272425249169437
448,2138-VFAPZ,0,0.018272425249169437
449,4311-QTTAI,0,0.05263157894736842
450,0361-HJRDX,0,0.018272425249169437
451,5502-RLUYV,0,0.36764705882352944
452,6362-QHAFM,0,0.20754716981132076
453,0487-RPVUM,0,0.36764705882352944
454,7716-YTYHG,0,0.10204081632653061
455,7826-VVKWT,0,0.09848484848484848
456,6357-JJPQT,1,0.716
457,5173-WXOQV,1,0.5145631067961165
458,6766-HFKLA,0,0.20754716981132076
459,0440-UEDAI,0,0.09848484848484848
460,1785-BPHTP,1,0.5232067510548524
461,0345-XMMUG,0,0.20754716981132076
462,2716-GFZOR,0,0.24031007751937986
463,7740-KKCXF,0,0.2631578947368421
464,8404-GFGCZ,1,0.5145631067961165
465,1208-NBVFH,0,0.2631578947368421
466,1337-BOZWO,0,0.05263157894736842
467,8071-SBTRN,0,0.20754716981132076
468,5552-ZNFSJ,1,0.5145631067961165
469,5088-QZLRL,0,0.40384615384615385
470,7074-IEVOJ,1,0.716
471,7590-VHVEG,1,1.0
472,3647-GMGDH,0,0.36764705882352944
473,2809-ZMYOQ,0,0.36764705882352944
474,9763-GRSKD,0,0.2631578947368421
475,9135-HSWOC,0,0.018272425249169437
476,3429-IFLEM,0,0.018272425249169437
477,0064-YIJGF,0,0.24031007751937986
478,9282-IZGQK,1,0.9516129032258065
479,3946-JEWRQ,0,0.09848484848484848
480,8087-LGYHQ,1,0.716
481,0023-XUOPT,1,0.5232067510548524
482,8873-TMKGR,0,0.05263157894736842
483,2703-AMTUL,0,0.00980392156862745
484,6674-KVJHG,0,0.05263157894736842
485,5514-YQENT,0,0.20754716981132076
486,7055-JCGNI,0,0.09090909090909091
487,0513-RBGPE,0,0.018272425249169437
488,4039-PIMHX,0,0.018272425249169437
489,8677-HDZEE,0,0.36764705882352944
490,4572-DVCGN,1,0.716
491,6734-CKRSM,0,0.16129032258064516
492,6892-BOGQE,0,0.018272425249169437
493,1450-SKCVI,0,0.36764705882352944
494,7520-HQWJU,0,0.08571428571428572
495,8573-CGOCC,0,0.16129032258064516
496,4854-CIDCF,0,0.48823529411764705
497,5562-BETPV,0,0.05263157894736842
498,5203-XEHAX,0,0.10204081632653061
499,2903-YYTBW,1,0.5145631067961165
500,8800-ZKRFW,0,0.36764705882352944
501,4818-QIUFN,1,0.5232067510548524
502,8807-OPMBM,0,0.018272425249169437
503,3244-DCJWY,1,0.8243243243243243
504,3571-DPYUH,0,0.09848484848484848
505,9040-KZVWO,0,0.10204081632653061
506,4813-HQMGZ,1,0.716
507,2862-PFNIK,0,0.40384615384615385
508,6210-KBBPI,1,0.716
509,6646-JPPHA,0,0.48823529411764705
510,8535-SFUTN,0,0.36764705882352944
511,0815-MFZGM,0,0.09848484848484848
512,0565-JUPYD,0,0.20754716981132076
513,1000-AJSLD,0,0.40384615384615385
514,2190-PHBHR,0,0.09848484848484848
515,7691-XVTZH,0,0.0
516,9987-LUTYD,0,0.05263157894736842
517,6112-KTHFQ,0,0.16129032258064516
518,5908-QMGOE,0,0.48823529411764705
519,9391-YZEJW,0,0.09848484848484848
520,6464-KEXXH,0,0.16129032258064516
521,5469-CTCWN,0,0.20754716981132076
522,2137-DQMEV,0,0.00980392156862745
523,7133-VBDCG,0,0.24031007751937986
524,1338-CECEE,0,0.10204081632653061
525,3847-BAERP,0,0.16129032258064516
526,3707-GNWHM,1,0.8243243243243243
527,5854-KSRBJ,0,0.018272425249169437
528,1658-XUHBX,0,0.24031007751937986
529,1245-HARPS,0,0.018272425249169437
530,1400-MMYXY,1,0.716
531,6633-MPWBS,1,0.5145631067961165
532,6960-HVYXR,1,0.9516129032258065
533,2694-CIUMO,1,0.716
534,2746-DIJLO,0,0.00980392156862745
535,8111-SLLHI,0,0.36764705882352944
536,0139-IVFJG,1,0.716
537,5327-CNLUQ,0,0.09848484848484848
538,8008-ESFLK,0,0.20754716981132076
539,7601-WFVZV,0,0.40384615384615385
540,3590-TCXTB,0,0.40384615384615385
541,0722-SVSFK,1,0.716
542,2890-WFBHU,0,0.10204081632653061
543,0366-NQSHS,0,0.16129032258064516
544,6281-FKEWS,0,0.00980392156862745
545,5651-YLPRD,1,0.5232067510548524
546,9033-EOXWV,0,0.10204081632653061
547,5832-TRLPB,0,0.10204081632653061
548,1297-VQDRP,0,0.20754716981132076
549,4086-WITJG,0,0.018272425249169437
550,5850-BDWCY,0,0.16129032258064516
551,4795-WRNVT,0,0.08571428571428572
552,7191-ADRGF,0,0.018272425249169437
553,2097-YVPKN,0,0.018272425249169437
554,9506-UXUSK,0,0.48823529411764705
555,3404-JNXAX,0,0.36764705882352944
556,2516-XSJKX,0,0.018272425249169437
557,1918-ZBFQJ,1,0.716
558,2673-CXQEU,0,0.20754716981132076
559,9603-OAIHC,1,0.8243243243243243
560,8062-YBDOE,1,0.8243243243243243
561,8292-ITGYJ,0,0.018272425249169437
562,8763-KIAFH,0,0.05263157894736842
563,7030-NJVDP,1,0.5232067510548524
564,2674-MIAHT,1,0.716
565,2904-GGUAZ,0,0.0
566,0376-YMCJC,1,0.5232067510548524
567,1699-TLDLZ,0,0.018272425249169437
568,2674-MLXMN,0,0.36764705882352944
569,2819-GWENI,0,0.05263157894736842
570,0519-DRGTI,0,0.03571428571428571
571,1383-EZRWL,0,0.16129032258064516
572,4774-HHGGS,0,0.018272425249169437
573,5980-NOPLP,0,0.36764705882352944
574,5158-RIVOP,0,0.018272425249169437
575,5364-EVNIB,1,0.716
576,2642-DTVCO,1,0.716
577,1333-PBMXB,0,0.00980392156862745
578,0018-NYROU,0,0.48823529411764705
579,4184-VODJZ,0,0.10204081632653061
580,6867-ACCZI,0,0.018272425249169437
581,0376-OIWME,0,0.36764705882352944
582,1767-CJKBA,0,0.018272425249169437
583,4376-KFVRS,0,0.0
584,2303-PJYHN,0,0.16129032258064516
585,2122-SZZZD,0,0.05263157894736842
586,1100-DDVRV,0,0.2631578947368421
587,5546-BYZSM,0,0.17647058823529413
588,0020-INWCK,0,0.09848484848484848
589,2824-MYYBN,0,0.36764705882352944
590,1897-RCFUM,0,0.05263157894736842
591,3727-JEZTU,0,0.40384615384615385
592,8815-LMFLX,0,0.03571428571428571
593,3665-JATSN,0,0.2631578947368421
594,4538-WNTMJ,0,0.05263157894736842
595,2761-XECQW,0,0.2631578947368421
596,3223-DWFIO,0,0.48823529411764705
597,8184-WMOFI,0,0.10204081632653061
598,5231-FIQPA,0,0.018272425249169437
599,5027-QPKTE,0,0.48823529411764705
600,8727-XDPUD,0,0.018272425249169437
601,1131-SUEKT,0,0.09848484848484848
602,3758-CKOQL,0,0.20754716981132076
603,6166-YIPFO,0,0.018272425249169437
604,3097-NQYSN,1,0.716
605,7803-XOCCZ,0,0.24031007751937986
606,5495-GPSRW,0,0.018272425249169437
607,9776-CLUJA,0,0.36764705882352944
608,7083-YNSKY,0,0.03571428571428571
609,1455-HFBXA,0,0.0
610,2632-UCGVD,0,0.36764705882352944
611,3327-YBAKM,0,0.09848484848484848
612,9964-WBQDJ,0,0.018272425249169437
613,1163-VIPRI,0,0.20754716981132076
614,0098-BOWSO,0,0.03571428571428571
615,4749-VFKVB,1,0.5145631067961165
616,1091-SOZGA,0,0.09848484848484848
617,0067-DKWBL,1,0.5145631067961165
618,9625-QSTYE,1,0.716
619,7336-RLLRH,0,0.10204081632653061
620,6586-PSJOX,0,0.05263157894736842
621,3316-UWXUY,0,0.36764705882352944
622,3948-XHGNA,0,0.2631578947368421
623,6496-JDSSB,1,0.716
624,3768-VHXQO,0,0.018272425249169437
625,7711-GQBZC,0,0.018272425249169437
626,1016-DJTSV,0,0.48823529411764705
627,7515-LODFU,0,0.018272425249169437
628,9837-FWLCH,0,0.16129032258064516
629,2722-JMONI,1,0.5145631067961165
630,1241-EZFMJ,0,0.018272425249169437
631,8878-RYUKI,0,0.2631578947368421
632,2541-YGPKE,0,0.10204081632653061
633,6032-KRXXO,1,0.5232067510548524
634,0650-BWOZN,1,0.5232067510548524
635,3719-TDVQB,0,0.018272425249169437
636,2480-EJWYP,0,0.09848484848484848
637,2135-DQWAQ,1,0.716
638,7240-ETPTR,0,0.2631578947368421
639,2979-SXESE,1,0.5232067510548524
640,3736-BLEPA,0,0.10204081632653061
641,9531-NSBMR,0,0.05263157894736842
642,0289-IVARM,0,0.08571428571428572
643,8443-ZRDBZ,0,0.48823529411764705
644,7156-MHUGY,1,0.5232067510548524
645,9540-JYROE,0,0.48823529411764705
646,5244-IRFIH,0,0.36764705882352944
647,5175-WLYXL,1,0.5232067510548524
648,9488-HGMJH,1,0.8243243243243243
649,1373-ORVIZ,0,0.08571428571428572
650,1335-MXCSE,0,0.018272425249169437
651,5572-ZDXHY,1,0.5232067510548524
652,4946-EDSEW,0,0.16129032258064516
653,0257-ZESQC,0,0.24031007751937986
654,6925-BAYGL,0,0.018272425249169437
655,2851-STERV,0,0.10204081632653061
656,0750-EBAIU,0,0.10204081632653061
657,4423-YLHDV,0,0.36764705882352944
658,6959-UWKHF,1,1.0
659,6877-LGWXO,1,0.5232067510548524
660,1752-OZXFY,0,0.35294117647058826
661,4701-LKOZD,0,0.0
662,6437-UKHMV,1,0.716
663,6728-DKUCO,0,0.20754716981132076
664,8267-KFGYD,0,0.40384615384615385
665,8260-NGFNY,0,0.40384615384615385
666,5981-ZVXOT,0,0.20754716981132076
667,3030-YDNRM,0,0.48823529411764705
668,9909-IDLEK,1,0.5232067510548524
669,7410-OIEDU,1,0.716
670,2077-DDHJK,0,0.018272425249169437
671,7159-NOKYQ,0,0.0
672,7703-ZEKEF,1,0.5232067510548524
673,1060-ENTOF,0,0.20754716981132076
674,4957-TREIR,1,0.5145631067961165
675,5685-IIXLY,1,0.716
676,0491-KAPQG,1,0.5232067510548524
677,1074-AMIOH,0,0.36764705882352944
678,3639-XJHKQ,0,0.08571428571428572
679,7665-VIGUD,0,0.05263157894736842
680,0484-JPBRU,0,0.17647058823529413
681,5882-CMAZQ,1,0.5145631067961165
682,6976-BWGLQ,0,0.018272425249169437
683,0943-ZQPXH,0,0.36764705882352944
684,2361-FJWNO,0,0.00980392156862745
685,5949-XIKAE,1,0.716
686,9696-RMYBA,1,0.716
687,9822-BIIGN,0,0.36764705882352944
688,2637-FKFSY,1,0.5145631067961165
689,4425-OWHWB,0,0.05263157894736842
690,4550-VBOFE,0,0.36764705882352944
691,0174-QRVVY,0,0.018272425249169437
692,4822-NGOCH,1,0.716
693,9281-OFDMF,0,0.36764705882352944
694,4223-BKEOR,0,0.10204081632653061
695,2428-ZMCTB,0,0.16129032258064516
696,2359-KMGLI,1,0.5232067510548524
697,4544-RXFMG,0,0.05263157894736842
698,2672-HUYVI,1,0.716
699,6114-TCFID,0,0.05263157894736842
700,1291-CUOCY,0,0.0
701,4676-MQUEA,0,0.20754716981132076
702,1254-IZEYF,0,0.36764705882352944
703,3402-XRIUO,0,0.08571428571428572
704,6845-RGTYS,0,0.36764705882352944
705,4712-UYOOI,0,0.03571428571428571
706,3798-EPWRR,1,0.5145631067961165
707,9237-HQITU,0,0.48823529411764705
708,8659-IOOPU,0,0.09848484848484848
709,6689-KXGBO,1,0.5145631067961165
710,9249-FXSCK,0,0.20754716981132076
711,4837-PZTIC,0,0.018272425249169437
712,1215-EXRMO,0,0.018272425249169437
713,0384-LPITE,0,0.10204081632653061
714,1015-JPFYW,0,0.05263157894736842
715,2662-NNTDK,0,0.00980392156862745
716,3091-FYHKI,1,1.0
717,0956-ACVZC,0,0.09848484848484848
718,5859-HZYLF,0,0.018272425249169437
719,4895-TMWIR,0,0.16129032258064516
720,5696-QURRL,1,0.5145631067961165
721,8246-SHFGA,0,0.03571428571428571
722,9916-AYHTC,0,0.018272425249169437
723,4695-WJZUE,1,0.716
724,8849-PRIQJ,0,0.20754716981132076
725,8024-XNAFQ,0,0.20754716981132076
726,3806-DXQOM,1,0.5145631067961165
727,6507-DTJZV,0,0.08571428571428572
728,1761-AEZZR,1,0.9516129032258065
729,5120-ZBLAI,0,0.10204081632653061
730,1506-YJTYT,0,0.018272425249169437
731,8908-NMQTX,0,0.018272425249169437
732,8069-YQQAJ,0,0.2631578947368421
733,7577-SWIFR,1,0.9516129032258065
734,2805-AUFQN,0,0.018272425249169437
735,5931-FLJJF,0,0.48823529411764705
736,1353-GHZOS,0,0.35294117647058826
737,4090-KPJIP,0,0.48823529411764705
738,4919-MOAVT,0,0.48823529411764705
739,8466-PZBLH,0,0.20754716981132076
740,9512-UIBFX,1,0.5232067510548524
741,3831-YCPUO,0,0.09090909090909091
742,2632-IVXVF,0,0.20754716981132076
743,0003-MKNFE,0,0.2631578947368421
744,8620-RJPZN,0,0.40384615384615385
745,4139-DETXS,0,0.018272425249169437
746,1370-GGAWX,0,0.09848484848484848
747,6145-NNPNO,1,0.5145631067961165
748,9699-UBQFS,0,0.36764705882352944
749,4767-HZZHQ,0,0.24031007751937986
750,9415-DPEWS,1,0.5232067510548524
751,0562-FGDCR,0,0.018272425249169437
752,9621-OUPYD,0,0.05263157894736842
753,5242-UOWHD,0,0.018272425249169437
754,8060-HIWJJ,0,0.0
755,6152-ONASV,0,0.00980392156862745
756,4322-RCYMT,0,0.10204081632653061
757,2916-BQZLN,1,0.5232067510548524
758,0128-MKWSG,0,0.2631578947368421
759,7434-SHXLS,0,0.40384615384615385
760,7605-BDWDC,0,0.018272425249169437
761,8544-GOQSH,1,0.716
762,0680-DFNNY,1,0.5232067510548524
763,2782-LFZVW,0,0.2631578947368421
764,1676-MQAOA,0,0.018272425249169437
765,2243-FNMMI,0,0.03571428571428571
766,5260-UMPWX,0,0.03571428571428571
767,7113-HIPFI,0,0.018272425249169437
768,0056-EPFBG,0,0.018272425249169437
769,5295-PCJOO,1,0.5145631067961165
770,6595-YGXIT,1,0.5232067510548524
771,8515-OCTJS,0,0.018272425249169437
772,9348-ROUAI,0,0.0
773,0956-SYCWG,0,0.05263157894736842
774,3393-FMZPV,1,0.5232067510548524
775,8065-BVEPF,0,0.36764705882352944
776,5961-VUSRV,0,0.05263157894736842
777,3132-TVFDZ,0,0.2631578947368421
778,2384-OVPSA,0,0.018272425249169437
779,9777-WJJPR,0,0.24031007751937986
780,8835-VSDSE,0,0.48823529411764705
781,5115-GZDEL,0,0.018272425249169437
782,8417-GSODA,0,0.10204081632653061
783,0866-QLSIR,0,0.10204081632653061
784,6851-WEFYX,0,0.36764705882352944
785,4759-PXTAN,0,0.10204081632653061
786,7625-XCQRH,0,0.48823529411764705
787,4597-NUCQV,1,0.5232067510548524
788,5968-XQIVE,0,0.10204081632653061
789,1658-TJVOA,0,0.48823529411764705
790,2378-HTWFW,0,0.36764705882352944
791,5828-AVIPD,0,0.09848484848484848
792,5126-RCXYW,0,0.018272425249169437
793,1342-JPNKI,1,0.716
794,3352-RICWQ,0,0.018272425249169437
795,7240-FQLHE,0,0.36764705882352944
796,4729-XKASR,0,0.40384615384615385
797,9518-RWHZL,0,0.09848484848484848
798,5837-LXSDN,0,0.05263157894736842
799,3082-WQRVY,0,0.05263157894736842
800,8212-CRQXP,0,0.24031007751937986
801,6341-JVQGF,0,0.10204081632653061
802,9504-DSHWM,0,0.2631578947368421
803,9565-FLVCG,0,0.018272425249169437
804,0074-HDKDG,0,0.10204081632653061
805,0489-WMEMG,0,0.05263157894736842
806,0547-HURJB,0,0.16129032258064516
807,7929-SKFGK,0,0.0
808,8019-ENHXU,0,0.36764705882352944
809,6961-VCPMC,0,0.36764705882352944
810,7018-WBJNK,0,0.48823529411764705
811,0829-XXPLX,0,0.24031007751937986
812,6654-QGBZZ,0,0.40384615384615385
813,7634-WSWDB,0,0.2631578947368421
814,5119-NZPTV,0,0.48823529411764705
815,6563-VNPMN,0,0.24031007751937986
816,4619-EVPHY,0,0.10204081632653061
817,7197-VOJMM,0,0.018272425249169437
818,2560-WBWXF,0,0.018272425249169437
819,8336-TAVKX,0,0.018272425249169437
820,7636-OWBPG,0,0.2631578947368421
821,1020-JPQOW,0,0.36764705882352944
822,0682-USIXD,1,0.5232067510548524
823,6348-SNFUS,0,0.018272425249169437
824,0345-HKJVM,1,0.716
825,5985-BEHZK,0,0.20754716981132076
826,2129-ALKBS,0,0.17647058823529413
827,8944-AILEF,0,0.03571428571428571
828,1345-ZUKID,0,0.05263157894736842
829,8608-OZTLB,0,0.10204081632653061
830,5668-MEISB,0,0.20754716981132076
831,3272-VUHPV,0,0.2631578947368421
832,1320-REHCS,0,0.36764705882352944
833,2091-GPPIQ,0,0.018272425249169437
834,9039-ZVJDC,0,0.16129032258064516
835,2215-ZAFGX,1,0.716
836,8465-SBRXP,0,0.09848484848484848
837,8387-UGUSU,0,0.16129032258064516
838,7534-BFESC,1,0.5232067510548524
839,0420-TXVSG,0,0.018272425249169437
840,5281-BUZGT,0,0.36764705882352944
841,5032-USPKF,0,0.10204081632653061
842,7504-UWHNB,1,0.5232067510548524
843,0867-LDTTC,0,0.48823529411764705
844,9479-HYNYL,0,0.0
845,8816-VXNZD,1,0.8243243243243243
846,8499-BRXTD,0,0.05263157894736842
847,5644-PDMZC,1,0.716
848,3486-NPGST,0,0.05263157894736842
849,4273-MBHYA,1,0.9516129032258065
850,5702-SKUOB,0,0.16129032258064516
851,6439-GTPCA,0,0.36764705882352944
852,7895-VONWT,0,0.2631578947368421
853,1396-QWFBJ,0,0.24031007751937986
854,5533-RJFTJ,0,0.2631578947368421
855,1131-QQZEB,0,0.018272425249169437
856,9570-KYEUA,0,0.09848484848484848
857,9780-FKVVF,0,0.2631578947368421
858,5651-CPDND,0,0.2631578947368421
859,1309-BXVOQ,1,0.5232067510548524
860,2277-BKJKN,0,0.09848484848484848
861,4343-EJVQB,0,0.48823529411764705
862,7627-JKIAZ,0,0.24031007751937986
863,9385-EHGDO,0,0.018272425249169437
864,0691-NIKRI,0,0.20754716981132076
865,6620-JDYNW,0,0.08571428571428572
866,5324-KTGCG,0,0.00980392156862745
867,4396-KLSEH,0,0.16129032258064516
868,9150-KPBJQ,0,0.018272425249169437
869,5383-MMTWC,1,0.716
870,6551-VLJMV,0,0.018272425249169437
871,4566-GOLUK,0,0.36764705882352944
872,4603-JANFB,1,0.8243243243243243
873,5249-QYHEX,0,0.018272425249169437
874,9050-IKDZA,1,0.716
875,4123-FCVCB,0,0.10204081632653061
876,4290-BSXUX,1,0.716
877,5650-YLIBA,1,0.5232067510548524
878,5687-DKDTV,0,0.16129032258064516
879,5640-CAXOA,0,0.05263157894736842
880,6616-AALSR,0,0.20754716981132076
881,1240-KNSEZ,0,0.40384615384615385
882,4547-KQRTM,1,0.716
883,0769-MURVM,0,0.018272425249169437
884,5574-NXZIU,0,0.20754716981132076
885,5923-GXUOC,1,0.716
886,3317-HRTNN,1,0.5145631067961165
887,9061-TIHDA,1,0.5232067510548524
888,3070-DVEYC,0,0.48823529411764705
889,9617-INGJY,1,0.8243243243243243
890,6646-VRFOL,0,0.36764705882352944
891,7054-ENNGU,0,0.2631578947368421
892,6823-SIDFQ,0,0.05263157894736842
893,5673-FSSMF,1,0.5145631067961165
894,0947-MUGVO,1,0.5232067510548524
895,1875-QIVME,1,0.716
896,7853-OETYL,0,0.16129032258064516
897,4195-NZGTA,0,0.40384615384615385
898,4446-BZKHU,0,0.36764705882352944
899,1894-IGFSG,1,0.5232067510548524
900,6551-ZCOTS,0,0.05263157894736842
901,6980-IMXXE,0,0.018272425249169437
902,1508-DFXCU,1,0.716
903,5639-NTUPK,0,0.2631578947368421
904,1810-BOHSY,0,0.09848484848484848
905,8650-RHRKE,1,0.5145631067961165
906,7065-YUNRY,1,0.5145631067961165
907,7729-XBTWX,0,0.018272425249169437
908,5811-IWXYM,0,0.09848484848484848
909,3062-ICYZQ,0,0.36764705882352944
910,0298-XACET,0,0.018272425249169437
911,2302-ANTDP,0,0.36764705882352944
912,4811-JBUVU,0,0.24031007751937986
913,7734-DBOAI,1,1.0
914,8966-KZXXA,0,0.018272425249169437
915,0320-DWVTU,0,0.09848484848484848
916,1218-VKFPE,0,0.16129032258064516
917,8510-TMWYB,0,0.018272425249169437
918,4143-OOBWZ,1,0.716
919,5285-MVEHD,0,0.20754716981132076
920,9800-OUIGR,0,0.018272425249169437
921,7294-TMAOP,1,0.9516129032258065
922,0011-IGKFF,1,0.5232067510548524
923,3329-WDIOK,1,0.5145631067961165
924,1379-FRVEB,1,0.5232067510548524
925,1872-EBWSC,0,0.05263157894736842
926,2034-CGRHZ,0,0.36764705882352944
927,3727-OWVYD,0,0.10204081632653061
928,8710-YGLWG,1,0.5145631067961165
929,0620-DLSLK,1,0.716
930,8868-GAGIO,0,0.36764705882352944
931,9967-ATRFS,0,0.03571428571428571
932,4706-DGAHW,1,0.5145631067961165
933,4615-PIVVU,0,0.018272425249169437
934,7503-QQRVF,0,0.24031007751937986
935,5461-QKNTN,0,0.36764705882352944
936,0390-DCFDQ,1,0.8243243243243243
937,1930-QPBVZ,0,0.09848484848484848
938,9391-DXGGG,0,0.10204081632653061
939,6300-BWMJX,0,0.36764705882352944
940,8809-RIHDD,0,0.20754716981132076
941,7814-LEEVE,0,0.40384615384615385
942,0841-NULXI,1,1.0
943,7853-WNZSY,0,0.40384615384615385
944,4423-JWZJN,0,0.10204081632653061
945,1271-UODNO,0,0.018272425249169437
946,0103-CSITQ,0,0.20754716981132076
947,6963-KQYQB,0,0.018272425249169437
948,3374-PZLXD,0,0.17647058823529413
949,5917-HBSDW,0,0.17647058823529413
950,5673-TIYIB,1,0.5145631067961165
951,1685-BQULA,0,0.36764705882352944
952,1525-LNLOJ,0,0.018272425249169437
953,0230-UBYPQ,0,0.00980392156862745
954,7459-RRWQZ,0,0.08571428571428572
955,8873-GLDMH,0,0.48823529411764705
956,3045-XETSH,1,0.716
957,6712-OAWRH,1,0.5232067510548524
958,0524-IAVZO,1,0.5232067510548524
959,9367-TCUYN,0,0.16129032258064516
960,8748-HFWBO,0,0.05263157894736842
961,1360-RCYRT,0,0.2631578947368421
962,7270-BDIOA,1,0.5232067510548524
963,5966-EMAZU,0,0.20754716981132076
964,8685-WHQPW,0,0.24031007751937986
965,1550-EENBN,0,0.36764705882352944
966,0843-WTBXE,0,0.24031007751937986
967,9050-QLROH,0,0.36764705882352944
968,4785-FCIFB,0,0.018272425249169437
969,3106-ULWFW,1,0.716
970,5913-INRQV,0,0.10204081632653061
971,5243-SAOTC,0,0.24031007751937986
972,8573-JGCZW,0,0.05263157894736842
973,7252-NTGSS,1,0.5145631067961165
974,4952-YSOGZ,1,0.716
975,0709-TVGUR,0,0.48823529411764705
976,5605-IYGFG,0,0.48823529411764705
977,2274-XUATA,0,0.018272425249169437
978,1116-FRYVH,0,0.018272425249169437
979,0402-OAMEN,0,0.018272425249169437
980,1702-CCFNJ,0,0.08571428571428572
981,7321-KKSDU,0,0.018272425249169437
982,4686-UXDML,0,0.36764705882352944
983,1086-LXKFY,1,0.8243243243243243
984,8896-RAZCR,0,0.018272425249169437
985,6484-LATFU,0,0.018272425249169437
986,3572-UUHRS,0,0.05263157894736842
987,0637-YLETY,0,0.36764705882352944
988,9544-PYPSJ,0,0.36764705882352944
989,7601-GNDYK,0,0.018272425249169437
990,7825-ECJRF,1,0.5232067510548524
991,2120-SMPEX,0,0.03571428571428571
992,3865-YIOTT,0,0.0
993,1063-DHQJF,0,0.0
994,9281-CEDRU,0,0.018272425249169437
995,2985-FMWYF,1,0.5232067510548524
996,1956-YIFGE,0,0.09848484848484848
997,8180-AKMJV,1,0.5145631067961165
998,2931-XIQBR,0,0.20754716981132076
999,3934-HXCFZ,1,0.5232067510548524
1000,1813-JLKWR,0,0.00980392156862745
1001,2057-ZBLPD,1,0.5232067510548524
1002,4854-SSLTN,0,0.018272425249169437
1003,7568-PODML,1,0.5145631067961165
1004,1552-AAGRX,0,0.36764705882352944
1005,7924-GJZFI,1,0.5232067510548524
1006,8980-WQFWL,0,0.08571428571428572
1007,8048-DSDFQ,0,0.40384615384615385
1008,6810-VCAEX,0,0.00980392156862745
1009,2933-FILNV,0,0.16129032258064516
1010,7459-IMVYU,1,0.5232067510548524
1011,4450-DLLMH,0,0.48823529411764705
1012,0708-SJDIS,0,0.08571428571428572
1013,2876-GZYZC,1,0.5232067510548524
1014,8799-OXZMD,0,0.2631578947368421
1015,1153-GNOLC,0,0.05263157894736842
1016,7880-XSOJX,1,0.5145631067961165
1017,9554-DFKIC,0,0.2631578947368421
1018,6103-LIANB,0,0.09848484848484848
1019,0909-SELIE,0,0.0
1020,0820-FNRNX,0,0.08571428571428572
1021,9839-ETQOE,0,0.2631578947368421
1022,5150-ITWWB,1,0.716
1023,3780-YVMFA,0,0.48823529411764705
1024,7569-NMZYQ,0,0.0
1025,9297-FVVDH,0,0.0
1026,4940-KHCWD,0,0.018272425249169437
1027,2560-QTSBS,0,0.00980392156862745
1028,3441-CGZJH,0,0.35294117647058826
1029,4114-QMKVN,0,0.10204081632653061
1030,7176-WIONM,0,0.2631578947368421
1031,6101-IMRMM,1,0.716
1032,2545-EBUPK,1,0.716
1033,0104-PPXDV,0,0.00980392156862745
1034,2027-FECZV,1,0.5232067510548524
1035,2202-OUTMO,0,0.08571428571428572
1036,4537-DKTAL,1,0.5145631067961165
1037,9086-YJYXS,0,0.10204081632653061
1038,8000-REIQB,1,0.8243243243243243
1039,4718-DHSMV,0,0.2631578947368421
1040,4464-JCOLN,0,0.05263157894736842
1041,5222-JCXZT,0,0.16129032258064516
1042,9029-FEGVJ,1,0.5232067510548524
1043,0939-EREMR,0,0.2631578947368421
1044,1088-AUUZZ,0,0.018272425249169437
1045,0439-IFYUN,1,0.5232067510548524
1046,4797-MIWUM,0,0.16129032258064516
1047,1591-NFNLQ,0,0.24031007751937986
1048,5206-HPJKM,0,0.2631578947368421
1049,2037-XJFUP,0,0.09848484848484848
1050,3808-HFKDE,0,0.2631578947368421
1051,7916-VCCPB,0,0.24031007751937986
1052,4646-QZXTF,1,0.716
1053,1447-PJGGA,0,0.09848484848484848
1054,2749-CTKAJ,0,0.05263157894736842
1055,7463-IFMQU,0,0.018272425249169437
1056,6296-DDOOR,0,0.05263157894736842
1057,2040-OBMLJ,0,0.10204081632653061
1058,4683-WYDOU,0,0.20754716981132076
1059,5419-JPRRN,1,0.9516129032258065
1060,8414-MYSHR,1,0.716
1061,8387-MOJJT,0,0.24031007751937986
1062,9730-DRTMJ,0,0.10204081632653061
1063,2126-GSEGL,0,0.0
1064,6439-PKTRR,0,0.0
1065,3108-PCCGG,0,0.0
1066,5176-LMJXE,0,0.018272425249169437
1067,8665-UTDHZ,1,1.0
1068,1206-EHBDD,0,0.018272425249169437
1069,5384-ZTTWP,0,0.16129032258064516
1070,7473-ZBDSN,0,0.018272425249169437
1071,6508-NJYRO,0,0.05263157894736842
1072,2474-BRUCM,0,0.36764705882352944
1073,9110-HSGTV,0,0.0
1074,9261-WDCAF,1,0.5145631067961165
1075,0795-GMVQO,0,0.20754716981132076
1076,6734-FQAJX,0,0.20754716981132076
1077,6302-JGYRJ,0,0.10204081632653061
1078,5950-AAAGJ,0,0.24031007751937986
1079,9637-EIHEQ,1,0.5145631067961165
1080,9644-UMGQA,1,0.5145631067961165
1081,4879-GZLFH,0,0.36764705882352944
1082,6771-XWBDM,0,0.36764705882352944
1083,8840-DQLGN,0,0.36764705882352944
1084,9705-IOVQQ,0,0.09848484848484848
1085,1450-GALXR,1,0.716
1086,6015-VVHHE,1,0.716
1087,0459-SPZHJ,0,0.0
1088,3420-ZDBMA,0,0.48823529411764705
1089,4626-OZDTJ,0,0.10204081632653061
1090,5278-PNYOX,0,0.09848484848484848
1091,6695-FRVEC,0,0.018272425249169437
1092,9828-QHFBK,0,0.2631578947368421
1093,9067-YGSCA,0,0.00980392156862745
1094,2729-VNVAP,0,0.018272425249169437
1095,5156-UMKOW,1,0.5145631067961165
1096,1591-XWLGB,0,0.018272425249169437
1097,3724-UCSHY,0,0.16129032258064516
1098,4074-SJFFA,1,0.5145631067961165
1099,8642-GVWRF,1,0.716
1100,5188-HGMLP,0,0.24031007751937986
1101,6968-GMKPR,0,0.36764705882352944
1102,9907-SWKKF,0,0.40384615384615385
1103,0613-WUXUM,0,0.018272425249169437
1104,1945-XISKS,0,0.018272425249169437
1105,3234-VKACU,0,0.48823529411764705
1106,8065-QBYTO,0,0.09848484848484848
1107,8985-OOPOS,0,0.10204081632653061
1108,1345-GKDZZ,0,0.16129032258064516
1109,6583-SZVGP,0,0.20754716981132076
1110,9360-OMDZZ,1,0.5232067510548524
1111,6789-HJBWG,0,0.2631578947368421
1112,1227-UDMZR,0,0.0
1113,2758-RNWXS,0,0.10204081632653061
1114,6661-EIPZC,0,0.2631578947368421
1115,1934-SJVJK,0,0.40384615384615385
1116,5299-RULOA,1,0.716
1117,0196-VULGZ,1,0.716
1118,9391-TTOYH,0,0.03571428571428571
1119,7526-BEZQB,1,0.716
1120,0872-NXJYS,1,0.716
1121,9640-ZSLDC,0,0.10204081632653061
1122,5443-SCMKX,0,0.09848484848484848
1123,8612-GXIDD,0,0.018272425249169437
1124,1401-FTHFQ,0,0.05263157894736842
1125,4581-SSPWD,0,0.48823529411764705
1126,3577-AMVUX,1,0.5145631067961165
1127,0608-JDVEC,0,0.018272425249169437
1128,4377-VDHYI,0,0.10204081632653061
1129,6461-SZMCV,0,0.0
1130,4644-PIZRT,0,0.10204081632653061
1131,0277-BKSQP,0,0.2631578947368421
1132,2812-SFXMJ,0,0.40384615384615385
1133,6243-OZGFH,0,0.2631578947368421
1134,2050-ONYDQ,0,0.018272425249169437
1135,2673-ZALNP,0,0.05263157894736842
1136,7996-BPXHY,0,0.018272425249169437
1137,5275-SQEIZ,1,0.9516129032258065
1138,4835-YSJMR,0,0.018272425249169437
1139,6749-UTDVX,0,0.20754716981132076
1140,6982-UQZLY,0,0.40384615384615385
1141,9799-CAYJJ,0,0.48823529411764705
1142,3683-QKIUE,1,0.5145631067961165
1143,1051-EQPZR,0,0.17647058823529413
1144,0112-QWPNC,0,0.10204081632653061
1145,9689-PTNPG,1,0.716
1146,5777-ZPQNC,0,0.05263157894736842
1147,3948-FVVRP,0,0.2631578947368421
1148,5970-GHJAW,0,0.018272425249169437
1149,7217-JYHOQ,0,0.24031007751937986
1150,9483-GCPWE,0,0.05263157894736842
1151,2187-PKZAY,1,0.716
1152,7979-CORPM,0,0.36764705882352944
1153,2257-BOVXD,0,0.08571428571428572
1154,7233-PAHHL,0,0.0
1155,9787-XVQIU,1,0.8243243243243243
1156,1481-ZUWZA,0,0.36764705882352944
1157,7330-WZLNC,1,0.716
1158,6350-XFYGW,1,0.716
1159,9959-WOFKT,0,0.20754716981132076
1160,8404-VLQFB,0,0.03571428571428571
1161,1285-OKIPP,1,0.9516129032258065
1162,7359-WWYJV,0,0.0
1163,0825-CPPQH,0,0.018272425249169437
1164,8847-GEOOQ,0,0.08571428571428572
1165,6080-TCMYC,0,0.36764705882352944
1166,3468-DRVQJ,0,0.10204081632653061
1167,0247-SLUJI,0,0.40384615384615385
1168,2796-NNUFI,0,0.018272425249169437
1169,1965-DDBWU,0,0.24031007751937986
1170,5155-AZQPB,0,0.2631578947368421
1171,7517-SAWMO,1,0.5232067510548524
1172,6921-OZMFH,1,0.5145631067961165
1173,2302-OUZXB,0,0.0
1174,5081-NWSUP,0,0.10204081632653061
1175,3001-UNBTL,0,0.36764705882352944
1176,6366-XIVKZ,0,0.08571428571428572
1177,9817-APLHW,0,0.03571428571428571
1178,0811-GSDTP,0,0.2631578947368421
1179,9878-TNQGW,1,0.716
1180,2330-PQGDQ,0,0.10204081632653061
1181,8218-FFJDS,0,0.0
1182,5312-UXESG,0,0.36764705882352944
1183,8727-JQFHV,0,0.018272425249169437
1184,8849-GYOKR,0,0.20754716981132076
1185,4751-ERMAN,0,0.018272425249169437
1186,9253-VIFJQ,0,0.10204081632653061
1187,5605-XNWEN,0,0.018272425249169437
1188,2801-NISEI,0,0.2631578947368421
1189,4707-MAXGU,0,0.018272425249169437
1190,4893-GYUJU,0,0.05263157894736842
1191,0322-CHQRU,1,0.5145631067961165
1192,1262-OPMFY,0,0.48823529411764705
1193,4079-ULGFR,0,0.16129032258064516
1194,3677-IYRBF,1,0.5145631067961165
1195,5482-VXSXJ,1,0.5232067510548524
1196,6461-PPAXN,0,0.00980392156862745
1197,7011-CVEUC,0,0.36764705882352944
1198,6252-DFGTK,0,0.10204081632653061
1199,7926-IJOOU,0,0.40384615384615385
1200,2833-SLKDQ,1,0.5145631067961165
1201,3389-KTRXV,0,0.018272425249169437
1202,3567-PQTSO,0,0.20754716981132076
1203,2868-LLSKM,0,0.10204081632653061
1204,2220-IAHLS,0,0.40384615384615385
1205,5889-LFOLL,1,0.716
1206,7181-BQYBV,1,0.9516129032258065
1207,3164-AALRN,0,0.10204081632653061
1208,7408-OFWXJ,0,0.0
1209,3530-VWVGU,0,0.03571428571428571
1210,6907-NZZIJ,0,0.36764705882352944
1211,9931-KGHOA,0,0.2631578947368421
1212,0921-OHLVP,1,0.5232067510548524
1213,5626-MGTUK,0,0.24031007751937986
1214,0595-ITUDF,0,0.36764705882352944
1215,7562-UXTPG,0,0.48823529411764705
1216,2154-KVJFF,1,0.716
1217,0616-ATFGB,0,0.40384615384615385
1218,0136-IFMYD,0,0.20754716981132076
1219,3896-ZVNET,0,0.018272425249169437
1220,0228-MAUWC,0,0.2631578947368421
1221,6538-POCHL,0,0.24031007751937986
1222,4753-PADAS,0,0.20754716981132076
1223,4373-VVHQL,1,0.5145631067961165
1224,5294-DMSFH,0,0.24031007751937986
1225,5201-FRKKS,0,0.24031007751937986
1226,6221-AVQYL,0,0.48823529411764705
1227,9625-QNLUX,0,0.20754716981132076
1228,6837-BJYDQ,0,0.05263157894736842
1229,6253-WRFHY,0,0.10204081632653061
1230,5366-OBVMR,0,0.2631578947368421
1231,1492-KGETH,0,0.10204081632653061
1232,4193-IBKSW,0,0.018272425249169437
1233,5197-LQXXH,0,0.0
1234,4320-QMLLA,0,0.2631578947368421
1235,5022-KVDQT,1,0.5232067510548524
1236,9135-MGVPY,0,0.0
1237,7245-NIIWQ,0,0.48823529411764705
1238,7074-STDCN,0,0.2631578947368421
1239,3726-TBHQT,0,0.0
1240,0329-GTIAJ,1,0.716
1241,6050-FFXES,0,0.20754716981132076
1242,3640-PHQXK,1,0.5232067510548524
1243,4558-CGYCZ,0,0.16129032258064516
1244,9308-ANMVE,0,0.2631578947368421
1245,4547-LYTDD,1,0.5232067510548524
1246,1597-FZREH,0,0.48823529411764705
1247,3891-PUQOD,1,0.5145631067961165
1248,8779-QRDMV,1,1.0
1249,3249-ZPQRG,0,0.48823529411764705
1250,1522-VVDMG,1,0.716
1251,3589-PPVKW,0,0.2631578947368421
1252,2371-JUNGC,0,0.16129032258064516
1253,0612-RTZZA,0,0.40384615384615385
1254,2789-HQBOU,1,0.716
1255,9978-HYCIN,0,0.10204081632653061
1256,0576-WNXXC,1,0.5232067510548524
1257,7107-UBYKY,0,0.17647058823529413
1258,3530-CRZSB,0,0.16129032258064516
1259,7787-BNTZM,0,0.16129032258064516
1260,5143-EGQFK,1,0.5145631067961165
1261,9555-SAHUZ,0,0.2631578947368421
1262,2978-XXSOG,0,0.2631578947368421
1263,8676-OOQEJ,1,0.5145631067961165
1264,7764-BDPEE,0,0.16129032258064516
1265,9919-KNPOO,1,0.5232067510548524
1266,6248-TKCQV,0,0.0
1267,3795-CAWEX,0,0.0
1268,4070-OKWVH,0,0.36764705882352944
1269,7492-TAFJD,0,0.018272425249169437
1270,2143-LJULT,0,0.018272425249169437
1271,7595-EHCDL,0,0.2631578947368421
1272,9430-NKQLY,0,0.018272425249169437
1273,5453-YBTWV,0,0.09848484848484848
1274,8125-QPFJD,0,0.0
1275,6647-ZEDXT,0,0.20754716981132076
1276,5451-YHYPW,0,0.0
1277,2070-FNEXE,0,0.48823529411764705
1278,2542-HYGIQ,0,0.40384615384615385
1279,2207-NHRJK,1,0.5145631067961165
1280,3635-QQRQD,0,0.018272425249169437
1281,3126-WQMGH,0,0.2631578947368421
1282,9548-LERKT,0,0.018272425249169437
1283,6568-POCUI,0,0.09848484848484848
1284,6837-HAEVO,0,0.20754716981132076
1285,1998-VHJHK,0,0.05263157894736842
1286,4632-PAOYU,0,0.05263157894736842
1287,6179-GJPSO,0,0.36764705882352944
1288,6339-RZCBJ,0,0.018272425249169437
1289,7273-TEFQD,1,0.5145631067961165
1290,6171-ZTVYB,0,0.08571428571428572
1291,3508-VLHCZ,0,0.0
1292,2718-GAXQD,1,0.5145631067961165
1293,4625-XMOYM,0,0.018272425249169437
1294,5146-YYFRZ,0,0.018272425249169437
1295,2252-ISRNH,0,0.10204081632653061
1296,8952-WCVCD,0,0.20754716981132076
1297,8695-WDYEA,1,0.5145631067961165
1298,6890-PFRQX,1,0.5232067510548524
1299,4981-FLTMF,0,0.08571428571428572
1300,0748-RDGGM,0,0.20754716981132076
1301,2691-NZETQ,1,0.716
1302,6295-OSINB,0,0.0
1303,9659-ZTWSM,0,0.20754716981132076
1304,2169-RRLFW,0,0.018272425249169437
1305,5485-ITNPC,0,0.0
1306,9279-CJEOJ,0,0.36764705882352944
1307,0643-OKLRP,0,0.36764705882352944
1308,8884-MRNSU,0,0.05263157894736842
1309,1478-VPOAD,1,1.0
1310,8644-XLFBW,1,0.8243243243243243
1311,3452-GWUIN,1,0.5232067510548524
1312,1600-DILPE,0,0.2631578947368421
1313,7190-XHTWJ,0,0.05263157894736842
1314,6582-OIVSP,1,0.5145631067961165
1315,9411-TPQQV,0,0.00980392156862745
1316,8259-NFJTV,1,0.5145631067961165
1317,3239-TPHPZ,0,0.018272425249169437
1318,1849-RJYIG,0,0.2631578947368421
1319,3462-BJQQA,1,0.716
1320,7909-FIOIY,0,0.03571428571428571
1321,7932-WPTDS,0,0.40384615384615385
1322,7054-LGEQW,1,0.5145631067961165
1323,0626-QXNGV,0,0.018272425249169437
1324,1837-YQUCE,0,0.018272425249169437
1325,2516-VQRRV,0,0.48823529411764705
1326,9500-IWPXQ,0,0.10204081632653061
1327,6230-BSUXY,1,0.9516129032258065
1328,7321-ZNSLA,0,0.018272425249169437
1329,5173-ZXXXL,0,0.05263157894736842
1330,9360-AHGNL,0,0.20754716981132076
1331,7609-NRNCA,0,0.05263157894736842
1332,4138-NAXED,0,0.24031007751937986
1333,0201-OAMXR,0,0.3333333333333333
1334,9814-AOUDH,0,0.018272425249169437
1335,7356-IWLFW,0,0.24031007751937986
1336,0236-HFWSV,1,0.5232067510548524
1337,0575-CUQOV,0,0.09848484848484848
1338,2804-ETQDK,0,0.018272425249169437
1339,0969-RGKCU,0,0.05263157894736842
1340,9943-VSZUV,0,0.36764705882352944
1341,5968-HYJRZ,0,0.018272425249169437
1342,0853-NWIFK,0,0.09848484848484848
1343,5760-IFJOZ,1,0.716
1344,5868-CZJDR,1,1.0
1345,0347-UBKUZ,0,0.03571428571428571
1346,6859-QNXIQ,0,0.0
1347,0877-SDMBN,0,0.20754716981132076
1348,9013-AQORL,0,0.2631578947368421
1349,4851-BQDNX,0,0.10204081632653061
1350,6463-MVYRY,0,0.018272425249169437
1351,0979-PHULV,0,0.36764705882352944
1352,5027-XWQHA,1,0.5145631067961165
1353,2632-TACXW,0,0.018272425249169437
1354,9373-WSLOY,0,0.2631578947368421
1355,8204-YJCLA,0,0.018272425249169437
1356,7603-USHJS,0,0.48823529411764705
1357,6849-OYAMU,0,0.09848484848484848
1358,3678-MNGZX,0,0.018272425249169437
1359,7841-TZDMQ,1,0.5145631067961165
1360,3027-ZTDHO,1,0.9516129032258065
1361,8148-WOCMK,0,0.018272425249169437
1362,9117-SHLZX,1,0.5145631067961165
1363,4529-CKBCL,1,0.716
1364,1775-KWJKQ,0,0.0
1365,3506-LCJDC,0,0.40384615384615385
1366,6284-KMNUF,0,0.09848484848484848
1367,5228-EXCET,1,0.716
1368,2782-JEEBU,0,0.2631578947368421
1369,5542-DHSXL,1,0.5145631067961165
1370,0019-GFNTW,0,0.018272425249169437
1371,2475-MROZF,0,0.36764705882352944
1372,6394-HHHZM,0,0.16129032258064516
1373,8485-GJCDN,0,0.48823529411764705
1374,5130-YPIRV,0,0.018272425249169437
1375,9408-SSNVZ,0,0.48823529411764705
1376,6131-FOYAS,0,0.2631578947368421
1377,8309-PPCED,0,0.0
1378,8634-MPHTR,0,0.36764705882352944
1379,6924-TDGMT,0,0.05263157894736842
1380,5628-FCGYG,1,0.5232067510548524
1381,5268-DSMNQ,0,0.09848484848484848
1382,7480-QNVZJ,0,0.36764705882352944
1383,6127-IYJOZ,1,0.5145631067961165
1384,4373-MAVJG,0,0.36764705882352944
1385,6349-JDHQP,0,0.018272425249169437
1386,7047-YXDMZ,0,0.03571428571428571
1387,1518-VOWAV,0,0.48823529411764705
1388,9298-WGMRW,0,0.0
1389,5447-VYTKW,0,0.2631578947368421
1390,5998-VVEJY,1,0.5232067510548524
1391,1099-BTKWT,0,0.00980392156862745
1392,5356-KZCKT,0,0.018272425249169437
1393,5160-UXJED,0,0.05263157894736842
1394,3701-SFMUH,0,0.48823529411764705
1395,9921-EZKBY,0,0.36764705882352944
1396,3137-LUPIX,1,0.5145631067961165
1397,2115-BFTIW,1,0.5232067510548524
1398,0727-BNRLG,0,0.09848484848484848
1399,8818-XYFCQ,0,0.36764705882352944
1400,9888-ZCUMM,0,0.018272425249169437
1401,5233-AOZUF,1,0.5232067510548524
1402,1850-AKQEP,0,0.16129032258064516
1403,7134-HBPBS,0,0.09090909090909091
1404,5650-VDUDS,0,0.16129032258064516
1405,9725-SCPZG,1,0.9516129032258065
1406,9764-REAFF,0,0.018272425249169437
1407,7964-YESJC,0,0.08571428571428572
1408,4797-AXPXK,1,0.5145631067961165
